[
    {
        "model": "PayRollApp.Country",
        "pk": 1,
        "fields": {
          "CountryName": "INDIA"
        }
    },
    {
        "model": "PayRollApp.Country",
        "pk": 2,
        "fields": {
          "CountryName": "USA"
        }
    },
    {
        "model": "PayRollApp.Country",
        "pk": 3,
        "fields": {
          "CountryName": "UK"
        }
    },
    {
        "model": "PayRollApp.Country",
        "pk": 4,
        "fields": {
          "CountryName": "SPAIN"
        }
    },
    {
        "model": "PayRollApp.Country",
        "pk": 5,
        "fields": {
          "CountryName": "BRAZIL"
        }
    },
    {
        "model": "PayRollApp.Country",
        "pk": 6,
        "fields": {
          "CountryName": "ITALY"
        }
    }
]
